name,features,best_epoch,val_loss,trades,win_rate,profit_factor,expectancy,max_dd,total_return
base_only,"open_ret,body_ret,upper_wick,lower_wick,range_ret,vol_ratio,pos_20",1,0.9465,631,0.5404120443740095,1.3603700167925152,0.16271899597811362,0.10945019607854993,0.6516777770585214
baseline,"open_ret,body_ret,upper_wick,lower_wick,range_ret,vol_ratio,pos_20,vol_pressure,engulfing,pinbar,dbl_retest,compression",1,0.9355,621,0.5426731078904992,1.3462140325160483,0.1559933573599345,0.10096526735260741,0.604923806065853
fvg,"open_ret,body_ret,upper_wick,lower_wick,range_ret,vol_ratio,pos_20,vol_pressure,engulfing,pinbar,dbl_retest,compression,fvg_dist",1,0.9626,919,0.5342763873775843,1.1727148765458848,0.08033684596789027,0.23615347082098634,0.4246334984701094
no_compress,"open_ret,body_ret,upper_wick,lower_wick,range_ret,vol_ratio,pos_20,vol_pressure,engulfing,pinbar,dbl_retest",2,0.9583,623,0.5313001605136437,1.2865625332386972,0.1319191115392869,0.1533103665807441,0.49147429932863507
no_dblret,"open_ret,body_ret,upper_wick,lower_wick,range_ret,vol_ratio,pos_20,vol_pressure,engulfing,pinbar,compression",1,0.9604,655,0.5312977099236641,1.1900074625058088,0.08966248616886698,0.22594727708158335,0.326268188974447
no_engulf,"open_ret,body_ret,upper_wick,lower_wick,range_ret,vol_ratio,pos_20,vol_pressure,pinbar,dbl_retest,compression",1,0.9525,665,0.5368421052631579,1.3074348047164834,0.14077895312682917,0.2027809732887814,0.5780422790833448
no_pinbar,"open_ret,body_ret,upper_wick,lower_wick,range_ret,vol_ratio,pos_20,vol_pressure,engulfing,dbl_retest,compression",3,0.9649,699,0.5393419170243204,1.2609682409879779,0.1180963946220591,0.13553138324769043,0.4929124943313418
no_volpress,"open_ret,body_ret,upper_wick,lower_wick,range_ret,vol_ratio,pos_20,engulfing,pinbar,dbl_retest,compression",2,0.9567,648,0.5231481481481481,1.1616836905459162,0.07737282467223733,0.1749722093180173,0.27077116843663607
ob,"open_ret,body_ret,upper_wick,lower_wick,range_ret,vol_ratio,pos_20,vol_pressure,engulfing,pinbar,dbl_retest,compression,ob_dist",1,0.9493,615,0.5414634146341464,1.348035868681767,0.15711237438387382,0.09963761292284198,0.6030575910292145
poi_all,"open_ret,body_ret,upper_wick,lower_wick,range_ret,vol_ratio,pos_20,vol_pressure,engulfing,pinbar,dbl_retest,compression,sr_dist,ob_dist,fvg_dist,round_dist",1,0.9559,893,0.5498320268756999,1.272195074988455,0.12229429804629327,0.16118281149479116,0.7004783150292012
round,"open_ret,body_ret,upper_wick,lower_wick,range_ret,vol_ratio,pos_20,vol_pressure,engulfing,pinbar,dbl_retest,compression,round_dist",1,0.9571,643,0.5241057542768274,1.1784918597103102,0.08421033750296289,0.24484417724775576,0.29665353519191556
sr,"open_ret,body_ret,upper_wick,lower_wick,range_ret,vol_ratio,pos_20,vol_pressure,engulfing,pinbar,dbl_retest,compression,sr_dist",1,0.9307,774,0.5387596899224806,1.278685564733591,0.12813878247225088,0.22245655520667043,0.619469625766834
